2495, 2.821099
2495, 2.341884
2495, 2.745168
2495, 2.776622
2495, 2.777414
2495, 2.708515
2495, 2.496528
2495, 2.235285
2495, 2.620460
2495, 2.761715
2495, 2.516701
2495, 2.760353
2495, 2.522112
2495, 2.881158
2495, 2.890991
2495, 2.341872
2495, 2.546971
2495, 2.892814
2495, 2.746149
2495, 2.788068
2495, 2.633493
2495, 2.115513
2495, 2.617188
2495, 2.619577
2495, 2.822841
2495, 2.399968
2495, 2.553905
2495, 2.800238
2495, 2.782712
2495, 2.846913
2495, 2.555256
2495, 2.885497
2495, 2.137830
2495, 2.850561
2495, 2.871969
2495, 2.754415
2495, 2.604562
2495, 2.676195
2495, 2.572329
2495, 2.773478
2495, 2.595378
2495, 2.606274
2495, 2.562128
2495, 2.645731
2495, 2.906963
2495, 2.882110
2495, 2.330122
2495, 2.335897
2495, 2.323254
2495, 2.753430
2495, 2.643003
2495, 2.465371
2495, 2.242350
2495, 2.780521
2495, 2.410884
2495, 2.735397
2495, 2.195991
2495, 2.459985
2495, 2.260319
2495, 2.495578
2495, 2.615363
2495, 2.729262
2495, 2.204304
2495, 2.247011
2495, 2.652262
2495, 2.776041
2495, 2.632345
2495, 2.833887
2495, 2.812620
2495, 2.520805
2495, 2.804645
2495, 2.682690
2495, 2.804722
2495, 2.701316
2495, 2.646057
2495, 2.584442
2495, 2.264028
2495, 2.682021
2495, 2.035460
2495, 2.823965
2495, 2.872051
2495, 2.577132
2495, 2.742539
2495, 2.661140
2495, 2.428080
2495, 2.700508
2495, 2.693937
2495, 2.470504
2495, 2.611279
2495, 2.420529
2495, 2.694667
2495, 2.447795
2495, 2.085745
2495, 2.914020
2495, 2.828465
2495, 2.616649
2495, 2.646747
2495, 2.447462
2495, 2.592271
2495, 2.319893
2495, 2.344053
2495, 2.518222
2495, 2.734806
2495, 2.398038
2495, 2.156257
2495, 2.176220
2495, 2.775202
2495, 2.441481
2495, 2.913802
2495, 2.248079
2495, 2.537776
2495, 2.839326
2495, 2.265275
2495, 2.197054
2495, 2.753984
2495, 2.313704
2495, 2.186145
2495, 2.832786
2495, 2.458259
2495, 2.280925
2495, 2.392962
2495, 2.874304
2495, 2.733701
2495, 2.234644
2495, 2.072417
2495, 2.568674
2495, 2.206840
2495, 2.610782
2495, 2.600038
2495, 2.196353
2495, 2.464332
2495, 2.806037
2495, 2.796670
2495, 2.614250
2495, 2.655777
2495, 2.404501
2495, 2.884362
2495, 2.854634
2495, 2.794154
2495, 2.638417
2495, 2.203474
2495, 2.512151
2495, 2.853966
2495, 2.724914
2495, 2.477553
2495, 2.829793
2495, 2.554740
2495, 2.545413
2495, 2.503321
2495, 2.820496
2495, 2.349052
2495, 2.860651
2495, 2.736866
2495, 2.657617
2495, 2.376107
2495, 2.710902
2495, 2.446853
2495, 2.399050
2495, 2.316197
2495, 2.661059
2495, 2.424153
2495, 2.888415
2495, 2.407963
2495, 2.513871
2495, 2.578101
2495, 2.285833
2495, 2.267149
2495, 2.400208
2495, 2.369744
2495, 2.678001
2495, 2.394204
2495, 2.295779
2495, 2.834834
2495, 2.614642
2495, 2.263929
2495, 2.713133
2495, 2.124853
2495, 2.750075
2495, 2.240099
2495, 2.547756
2495, 2.811731
2495, 2.158768
2495, 2.525919
2495, 2.834756
2495, 2.570872
2495, 2.710317
2495, 2.448824
2495, 2.568773
2495, 2.427622
2495, 2.536958
2495, 2.215800
2495, 2.178382
2495, 2.304235
2495, 2.578727
2495, 2.797519
2495, 2.551356
2495, 2.183780
2495, 2.001772
2495, 2.587109
2495, 2.529106
2495, 2.807776
2495, 2.897617
2495, 2.478242
2495, 2.554090
2495, 2.708454
2495, 2.751820
2495, 2.843686
2495, 2.949127
2495, 2.526206
2495, 2.809995
2495, 2.901788
2495, 2.381974
2495, 2.427876
2495, 2.396304
2495, 2.668183
2495, 2.495807
2495, 2.795306
2495, 2.296729
2495, 2.340346
2495, 2.390871
2495, 2.760555
2495, 2.661655
2495, 2.753756
2495, 2.871986
2495, 2.948394
2495, 2.506380
2495, 2.567477
2495, 2.474604
2495, 2.237200
2495, 2.773132
2495, 2.343800
2495, 2.387302
2495, 2.369839
2495, 2.746816
2495, 2.902695
2495, 2.199057
2495, 2.622753
2495, 2.353750
2495, 2.721682
2495, 2.445290
2495, 2.420003
2495, 2.352967
2495, 2.625278
2495, 2.362442
2495, 2.726309
2495, 2.478824
2495, 2.675204
2495, 2.733139
2495, 2.537907
2495, 2.571059
2495, 2.613290
2495, 2.635441
2495, 2.663090
2495, 2.431085
2495, 2.708742
2495, 2.380940
2495, 2.403108
2495, 2.744073
2495, 2.332033
2495, 2.802582
2495, 2.472419
2495, 2.825565
2495, 2.672914
2495, 2.351383
2495, 2.569202
2495, 2.524401
2495, 2.349717
2495, 2.186815
2495, 2.790469
2495, 2.695165
2495, 2.417634
2495, 2.636958
2495, 2.610967
2495, 2.504699
2495, 2.586894
2495, 2.237559
2495, 2.428453
2495, 2.717812
2495, 2.829533
2495, 2.566375
2495, 2.416990
2495, 2.208111
2495, 2.080883
2495, 2.381083
2495, 2.711832
2495, 2.481754
2495, 2.462068
2495, 2.797147
2495, 2.436008
2495, 2.457338
2495, 2.952811
2495, 2.871466
2495, 2.356525
2495, 2.066804
2495, 2.473042
2495, 2.850078
2495, 2.925325
2495, 2.201666
2495, 2.333962
2495, 2.680837
2495, 2.613649
2495, 2.238360
2495, 2.331923
2495, 2.487719
2495, 2.843120
2495, 2.584614
2495, 2.606291
2495, 2.067626
2495, 2.897686
2495, 2.795143
2495, 2.770927
2495, 2.802490
2495, 2.707369
2495, 2.713072
2495, 2.885730
2495, 2.509651
2495, 2.291437
2495, 2.729667
2495, 2.711180
2495, 2.378829
2495, 2.367655
2495, 2.688043
2495, 2.839404
2495, 2.893291
2495, 2.836394
2495, 2.425073
2495, 2.674853
2495, 2.873538
2495, 2.143664
2495, 2.255963
2495, 2.626644
2495, 2.778451
2495, 2.761073
2495, 2.805092
2495, 2.628476
2495, 2.578545
2495, 2.744075
2495, 2.837855
2495, 2.415781
2495, 2.734276
2495, 2.508006
2495, 2.164756
2495, 2.672038
2495, 2.369199
2495, 2.061748
2495, 2.305032
2495, 2.265538
2495, 2.553236
2495, 2.350586
2495, 2.817596
2495, 2.451142
2495, 2.841736
2495, 2.757151
2495, 2.622945
2495, 2.395341
2495, 2.271651
2495, 2.737922
2495, 2.436274
2495, 2.824653
2495, 2.507967
2495, 2.852904
2495, 2.586780
2495, 2.385503
2495, 2.517707
2495, 2.789051
2495, 2.484240
2495, 2.716700
2495, 2.271013
2495, 2.518628
2495, 2.412026
2495, 2.904219
2495, 2.303428
2495, 2.839397
2495, 2.684029
2495, 2.390032
2495, 2.492918
2495, 2.861057
2495, 2.526915
2495, 2.445753
2495, 2.765908
2495, 2.920673
2495, 2.481332
2495, 2.661228
2495, 2.383754
2495, 2.339778
2495, 2.845571
2495, 2.797620
2495, 2.609277
2495, 2.536010
2495, 2.710699
2495, 2.468415
2495, 2.822196
2495, 2.456752
2495, 2.663449
2495, 2.764523
2495, 2.942437
2495, 2.724311
2495, 2.772491
2495, 2.867817
2495, 2.159459
2495, 2.561040
2495, 2.535118
2495, 2.602537
2495, 2.386904
2495, 2.714732
2495, 2.374838
2495, 2.875437
2495, 2.791619
2495, 2.638079
2495, 2.631534
2495, 2.722633
2495, 2.424304
2495, 2.339682
2495, 2.647300
2495, 2.898257
2495, 2.503708
2495, 2.873564
2495, 2.355769
2495, 2.774358
2495, 2.860466
2495, 2.759158
2495, 2.111199
2495, 2.304139
2495, 2.485598
2495, 2.580530
2495, 2.794533
2495, 2.593476
2495, 2.665224
2495, 2.854636
2495, 2.458567
2495, 2.740502
2495, 2.683028
2495, 2.743886
2495, 2.584351
2495, 2.805470
2495, 2.311205
2495, 2.592617
2495, 2.851995
2495, 2.357875
2495, 2.299974
2495, 2.518511
2495, 2.806876
2495, 2.581510
2495, 2.547382
2495, 2.496726
2495, 2.575015
2495, 2.616809
2495, 2.289433
2495, 2.790288
2495, 2.280434
2495, 2.607666
2495, 2.777008
2495, 2.666936
2495, 2.867525
2495, 2.269022
2495, 2.551991
2495, 2.521748
2495, 2.653026
2495, 2.880440
2495, 2.685324
2495, 2.277371
2495, 2.407218
2495, 2.511023
2495, 2.554136
2495, 2.419036
2495, 2.863938
2495, 2.561891
2495, 2.405624
2495, 2.756728
2495, 2.563628
2495, 2.780231
2495, 2.376454
2495, 2.260364
2495, 2.363455
2495, 2.399863
2495, 2.707739
2495, 2.683635
2495, 2.559184
2495, 2.800210
2495, 2.820847
2495, 2.754530
2495, 2.220234
2495, 2.902124
2495, 2.246628
2495, 2.378320
2495, 2.580819
2495, 2.892837
2495, 2.835892
2495, 2.756348
2495, 2.519070
2495, 2.342943
2495, 2.578924
2495, 2.537191
2495, 2.440143
2495, 2.720905
2495, 2.252555
2495, 2.353876
2495, 2.746853
2495, 2.105468
2495, 2.490888
2495, 2.808887
2495, 2.529214
2495, 2.371457
2495, 2.138286
2495, 2.499170
2495, 2.326376
2495, 2.770717
2495, 2.390199
2495, 2.565242
2495, 2.699521
2495, 2.611149
2495, 2.403843
2495, 2.493702
2495, 2.465617
2495, 2.442428
2495, 2.815548
2495, 2.833973
2495, 2.237773
2495, 2.210563
2495, 2.074672
2495, 2.579102
2495, 2.889289
2495, 2.540689
2495, 2.712642
2495, 2.867527
2495, 2.395329
2495, 2.588691
2495, 2.791548
2495, 2.717030
2495, 2.567693
2495, 2.588724
2495, 2.781634
2495, 2.343232
2495, 2.647287
2495, 2.609008
2495, 2.797024
2495, 2.777223
2495, 2.746535
2495, 2.471069
2495, 2.859904
2495, 2.379384
2495, 2.684444
2495, 2.250661
2495, 2.118256
2495, 2.185241
2495, 2.094885
2495, 2.368595
2495, 2.843093
2495, 2.554465
2495, 2.378274
2495, 2.622710
2495, 2.536471
2495, 2.524607
2495, 2.098898
2495, 2.641202
2495, 2.600404
2495, 2.579981
2495, 2.512532
2495, 2.471808
2495, 2.806784
2495, 2.784815
2495, 2.366373
2495, 2.861523
2495, 2.584468
2495, 2.259145
2495, 2.536761
2495, 2.647859
2495, 2.230216
2495, 2.576340
2495, 2.654484
2495, 2.709714
2495, 1.954808
2495, 2.892165
2495, 2.369875
2495, 2.852175
2495, 2.881765
2495, 2.362561
2495, 2.136746
2495, 2.599664
2495, 2.532715
2495, 2.877980
2495, 2.929000
2495, 2.439896
2495, 2.331870
2495, 2.251195
2495, 2.777770
2495, 2.946587
2495, 2.465610
2495, 2.373895
2495, 2.419012
2495, 2.541746
2495, 2.340079
2495, 2.806007
2495, 2.442302
2495, 2.417281
2495, 2.346278
2495, 2.646710
2495, 2.116795
2495, 2.852711
2495, 2.421714
2495, 2.175286
2495, 2.313091
2495, 2.842106
2495, 2.501601
2495, 2.815845
2495, 2.253733
2495, 2.695746
2495, 2.654245
2495, 2.845007
2495, 2.874653
2495, 2.704374
2495, 2.187992
2495, 2.417196
2495, 2.859883
2495, 2.268095
2495, 2.834688
2495, 2.467278
2495, 2.306191
2495, 2.470766
2495, 2.161267
2495, 2.842567
2495, 2.737206
2495, 2.358274
2495, 2.577649
2495, 2.346049
2495, 2.696743
2495, 2.806722
2495, 2.302602
2495, 2.388928
2495, 2.776081
2495, 2.705103
2495, 2.764635
2495, 2.068693
2495, 2.151643
2495, 2.758544
2495, 2.521946
2495, 2.339211
2495, 2.302687
2495, 2.754686
2495, 2.096982
2495, 2.289877
2495, 2.578591
2495, 2.267176
2495, 2.767968
2495, 2.880729
2495, 2.881949
2495, 2.463762
2495, 2.745623
2495, 2.453979
2495, 2.550058
2495, 2.468294
2495, 2.869386
2495, 2.694112
2495, 2.706880
2495, 2.538236
2495, 2.812738
2495, 2.427654
2495, 2.887136
2495, 2.893842
2495, 2.355289
2495, 2.309638
2495, 2.266765
2495, 2.790935
2495, 2.706798
2495, 2.751833
2495, 2.718087
2495, 2.380586
2495, 2.781592
2495, 2.457853
2495, 2.444063
2495, 2.693901
2495, 2.677823
2495, 2.744013
2495, 2.342356
2495, 2.816968
2495, 2.592940
2495, 2.776508
2495, 2.593396
2495, 2.260021
2495, 2.576827
2495, 2.281696
2495, 2.550646
2495, 2.504158
2495, 2.850163
2495, 2.721563
2495, 2.590633
2495, 2.273934
2495, 2.433682
2495, 2.232686
2495, 2.403916
2495, 2.381172
2495, 2.105023
2495, 2.725327
2495, 2.423081
2495, 2.562966
2495, 2.871697
2495, 2.588457
2495, 2.339183
2495, 2.772955
2495, 2.765963
2495, 2.223383
2495, 2.802078
2495, 2.663982
2495, 2.377453
2495, 2.301016
2495, 2.248474
2495, 2.213947
2495, 2.426871
2495, 2.640374
2495, 2.924583
2495, 2.831452
2495, 2.634112
2495, 2.571625
2495, 2.224866
2495, 2.682882
2495, 2.533221
2495, 2.241409
2495, 2.447140
2495, 2.642568
2495, 2.516292
2495, 2.215654
2495, 2.739617
2495, 2.369706
2495, 2.769229
2495, 2.643604
2495, 2.552383
2495, 2.553238
2495, 2.481629
2495, 2.415467
2495, 2.656219
2495, 2.094891
2495, 2.531292
2495, 2.724667
2495, 2.857241
2495, 2.841274
2495, 2.671533
2495, 2.832179
2495, 2.729090
2495, 2.811339
2495, 2.350477
2495, 2.850282
2495, 2.810358
2495, 2.375210
2495, 2.358743
2495, 2.252871
2495, 2.262924
2495, 2.444602
2495, 2.651096
2495, 2.562712
2495, 2.733120
2495, 2.718443
2495, 2.628939
2495, 2.170267
2495, 2.561747
2495, 2.157312
2495, 2.345708
2495, 2.661059
2495, 2.345121
2495, 2.795436
2495, 2.730201
2495, 2.769135
2495, 2.592422
2495, 2.723581
2495, 2.821908
2495, 2.513837
2495, 2.908923
2495, 2.550856
2495, 2.322840
2495, 2.679123
2495, 2.726003
2495, 2.741735
2495, 2.812402
2495, 2.284455
2495, 2.668808
2495, 2.125856
2495, 2.497371
2495, 2.657592
2495, 2.845048
2495, 2.575090
2495, 2.512406
2495, 2.693948
2495, 2.760948
2495, 2.497903
2495, 2.430359
2495, 2.494743
2495, 2.396587
2495, 2.858779
2495, 2.447685
2495, 2.573903
2495, 2.794397
2495, 2.813698
2495, 2.964987
2495, 2.411461
2495, 2.629328
2495, 2.441789
2495, 2.862854
2495, 2.683157
2495, 2.905530
2495, 2.226550
2495, 2.608920
2495, 2.426982
2495, 2.182208
2495, 2.471435
2495, 2.747211
2495, 2.812699
2495, 2.536457
2495, 2.432615
2495, 2.419986
2495, 2.305435
2495, 2.483093
2495, 2.782386
2495, 2.766683
2495, 2.595963
2495, 2.757799
2495, 2.279987
2495, 2.690909
2495, 2.395338
2495, 2.572606
2495, 2.643729
2495, 2.385628
2495, 2.763192
2495, 2.418567
2495, 2.180456
2495, 2.835883
2495, 2.371231
2495, 2.713689
2495, 2.428409
2495, 2.688178
2495, 2.624694
2495, 2.709716
2495, 2.725406
2495, 2.647959
2495, 2.424401
2495, 2.557798
2495, 2.746894
2495, 2.346206
2495, 2.221846
2495, 2.404599
2495, 2.730141
2495, 2.648025
2495, 2.535703
2495, 2.622026
2495, 2.636889
2495, 2.862887
2495, 2.568664
2495, 2.421666
2495, 2.540610
2495, 2.773518
2495, 2.622105
2495, 2.604214
2495, 2.469146
2495, 2.010332
2495, 2.652475
2495, 2.773989
2495, 2.748844
2495, 2.828517
2495, 2.847681
2495, 2.638983
2495, 2.452180
2495, 2.483661
2495, 2.459282
2495, 2.264153
2495, 2.672287
2495, 2.664571
2495, 2.822235
2495, 2.770944
2495, 2.582818
2495, 2.134817
2495, 2.353652
2495, 2.834049
2495, 2.381916
2495, 2.770382
2495, 2.591536
2495, 2.454286
2495, 2.140807
2495, 2.737724
2495, 2.422247
2495, 2.318004
2495, 2.575146
2495, 2.779857
2495, 2.497816
2495, 2.642401
2495, 2.879335
2495, 2.721062
2495, 2.854918
2495, 2.733564
2495, 2.309474
2495, 2.660143
2495, 2.490126
2495, 2.291088
2495, 2.236433
2495, 2.443711
2495, 2.448494
2495, 2.842377
2495, 2.104107
2495, 2.632168
2495, 2.758707
2495, 2.330184
2495, 2.766147
2495, 2.342538
2495, 2.477993
2495, 2.447542
2495, 2.632204
2495, 2.872729
2495, 2.678484
2495, 2.234163
2495, 2.288153
2495, 2.636905
2495, 2.599735
2495, 2.880243
2495, 2.400162
2495, 2.761999
2495, 2.634144
2495, 2.506154
2495, 2.730952
2495, 2.540215
2495, 2.541829
2495, 2.706205
2495, 2.882339
2495, 2.833641
2495, 2.890368
2495, 2.848182
2495, 2.228315
2495, 2.161576
2495, 2.581046
2495, 2.645621
2495, 2.871270
2495, 2.861093
2495, 2.403377
2495, 2.795062
2495, 2.833326
2495, 2.356199
2495, 2.574665
2495, 2.760300
2495, 2.596776
2495, 2.477974
2495, 2.435782
2495, 2.844735
2495, 2.451398
2495, 2.142179
2495, 2.587431
2495, 2.850314
2495, 2.793265
2495, 2.532277
2495, 2.388049
2495, 2.458879
2495, 2.271267
2495, 2.575471
2495, 2.839565
2495, 2.874417
2495, 2.797924
2495, 2.472312
2495, 2.684377
2495, 2.783035
2495, 2.756533
2495, 2.497244
2495, 2.601246
2495, 2.636279
2495, 2.876606
2495, 2.313696
2495, 2.513803
2495, 2.676318
2495, 2.410285
2495, 2.796401
2495, 2.804161
2495, 2.801812
2495, 2.514626
2495, 2.486652
2495, 2.569337
2495, 2.652840
2495, 2.606371
2495, 2.385758
2495, 2.814957
2495, 2.861878
2495, 2.872481
2495, 2.402315
2495, 2.793931
2495, 2.347082
2495, 2.726715
2495, 2.256513
2495, 2.073499
2495, 2.599371
2495, 2.523278
2495, 2.588452
2495, 2.472580
2495, 2.744877
2495, 2.686260
2495, 2.210893
2495, 2.873588
2495, 2.875242
2495, 2.754018
2495, 2.729022
2495, 2.694143
2495, 2.374892
2495, 2.652451
2495, 2.430597
2495, 2.558025
2495, 2.845091
2495, 2.666953
2495, 2.646350
2495, 2.723080
2495, 2.724386
2495, 2.745722
2495, 2.309316
2495, 2.518048
2495, 2.814079
2495, 2.897022
2495, 2.916612
2495, 2.614868
2495, 2.179689
2495, 2.657634
2495, 2.318415
2495, 2.609195
2495, 2.689687
2495, 2.683862
2495, 2.812150
2495, 2.660996
2495, 2.532835
2495, 2.156655
2495, 2.767700
2495, 2.426346
2495, 2.694853
2495, 2.426656
2495, 2.689774
2495, 2.790320
2495, 2.507636
2495, 2.812015
2495, 2.890916
2495, 2.657291
2495, 2.772450
2495, 2.578996
2495, 2.811424
2495, 2.720002
2495, 2.124426
2495, 2.771736
2495, 2.567188
2495, 2.437008
2495, 2.377854
2495, 2.447255
2495, 2.261216
2495, 2.771677
2495, 2.132980
2495, 2.276305
2495, 2.821596
2495, 2.190249
2495, 2.668389
2495, 2.726961
2495, 2.837972
2495, 2.849768
2495, 2.522764
2495, 2.858273
2495, 2.929751
2495, 2.292065
2495, 2.624444
2495, 2.805595
2495, 2.451938
2495, 2.505481
2495, 2.158205
2495, 2.742179
2495, 2.422930
2495, 2.814788
2495, 2.461722
2495, 2.608574
2495, 2.765700
2495, 2.315933
2495, 2.584335
2495, 2.136211
2495, 2.537708
2495, 2.229422
2495, 2.601762
2495, 2.463199
2495, 2.563744
2495, 2.868727
2495, 2.497293
2495, 2.816787
2495, 2.467467
2495, 2.545017
2495, 2.667762
2495, 2.344413
2495, 2.295526
2495, 2.520278
2495, 2.485011
2495, 2.540481
2495, 2.418673
2495, 2.547860
2495, 2.421612
2495, 2.360744
2495, 2.650711
2495, 2.275788
2495, 2.869933
2495, 2.468429
2495, 2.839075
2495, 2.895177
2495, 2.284721
2495, 2.221227
2495, 2.687972
2495, 2.469809
2495, 2.525247
2495, 2.506760
2495, 2.580966
2495, 2.667446
2495, 2.825913
2495, 2.625742
2495, 2.182355
2495, 2.348225
2495, 2.562139
2495, 2.681766
2495, 2.632353
2495, 1.987152
2495, 2.720872
2495, 2.841329
2495, 2.900489
2495, 2.113128
2495, 2.178558
2495, 2.393612
2495, 2.877316
2495, 2.634076
2495, 2.864554
2495, 2.865304
2495, 2.671719
2495, 2.601466
2495, 2.302426
2495, 2.567352
2495, 2.733996
2495, 2.535620
2495, 2.461987
2495, 2.863426
2495, 2.578483
2495, 2.212105
2495, 2.522496
2495, 2.339924
2495, 2.307884
2495, 2.747260
2495, 2.407205
2495, 2.827779
2495, 2.341688
2495, 2.575517
2495, 2.702664
2495, 2.739503
2495, 2.704951
2495, 2.659229
2495, 2.866130
2495, 2.878773
2495, 2.411313
2495, 2.719606
2495, 2.443099
2495, 2.736148
2495, 2.737850
2495, 2.258659
2495, 2.566769
2495, 2.051090
2495, 2.771138
2495, 2.468648
2495, 2.586451
2495, 2.508231
2495, 2.732456
2495, 2.752823
2495, 2.670541
2495, 2.603857
2495, 2.342467
2495, 2.476623
2495, 2.320626
2495, 2.859760
2495, 2.827399
2495, 2.406071
2495, 2.489791
2495, 2.826458
2495, 2.570763
2495, 2.670329
2495, 1.944316
2495, 2.370322
2495, 2.720564
2495, 2.114711
2495, 2.430014
2495, 2.612784
2495, 2.282774
2495, 2.206905
2495, 2.733278
2495, 2.370888
2495, 2.670039
2495, 2.794350
2495, 2.175986
2495, 2.109439
2495, 2.822249
2495, 2.854515
2495, 2.904281
2495, 2.709886
2495, 2.859271
2495, 2.748310
2495, 2.738643
2495, 2.792220
2495, 2.700150
2495, 2.588900
2495, 2.630951
2495, 2.725543
2495, 2.276250
2495, 2.226812
2495, 2.578321
2495, 2.238323
2495, 2.428631
2495, 2.828664
2495, 2.575071
2495, 2.320543
2495, 2.804315
2495, 2.704706
2495, 2.561537
2495, 2.555261
2495, 2.448154
2495, 2.478166
2495, 2.236672
2495, 2.754203
2495, 2.357846
2495, 2.592365
2495, 2.687297
2495, 2.547037
2495, 2.861430
2495, 2.750894
2495, 2.782725
2495, 2.291870
2495, 2.370554
2495, 2.480228
2495, 2.794597
2495, 2.262093
2495, 2.478438
2495, 2.590295
2495, 2.583868
2495, 2.761304
2495, 2.650345
2495, 2.278978
2495, 2.335723
2495, 2.555818
2495, 2.640890
2495, 2.445177
2495, 2.711968
2495, 2.869256
2495, 2.539391
2495, 2.800754
2495, 2.928344
2495, 2.743484
2495, 2.515087
2495, 2.734271
2495, 2.783223
2495, 2.464661
2495, 2.334458
2495, 2.689314
2495, 2.493738
2495, 2.686797
2495, 2.789691
2495, 2.817318
2495, 2.739405
2495, 2.724087
2495, 2.772329
2495, 2.385606
2495, 2.271030
2495, 2.843414
2495, 2.790137
2495, 2.507339
2495, 2.323769
2495, 2.734259
2495, 2.454917
2495, 2.785605
2495, 2.796195
2495, 2.872636
2495, 2.733084
2495, 2.212918
2495, 2.810846
2495, 2.397846
2495, 2.658655
2495, 2.876171
2495, 2.882762
2495, 2.378928
2495, 2.373987
2495, 2.728733
2495, 2.899238
2495, 2.616414
2495, 2.646721
2495, 2.575036
2495, 2.574290
2495, 2.203847
2495, 2.854789
2495, 2.756631
2495, 2.509819
2495, 2.722074
2495, 2.569023
2495, 2.337638
2495, 2.536547
2495, 2.731104
2495, 2.465540
2495, 2.819856
2495, 2.728118
2495, 2.843702
2495, 2.530556
2495, 2.517504
2495, 2.651426
2495, 2.770315
2495, 2.509498
2495, 2.055678
2495, 2.879358
2495, 2.624671
2495, 2.385114
2495, 2.733384
2495, 2.431424
2495, 2.823971
2495, 2.509322
2495, 2.641693
2495, 2.367514
2495, 2.507441
2495, 2.280817
2495, 2.422678
2495, 2.317948
2495, 2.807083
2495, 2.254420
2495, 2.597020
2495, 2.538598
2495, 2.200059
2495, 2.264906
2495, 2.614656
2495, 2.546272
2495, 2.689067
2495, 2.349437
2495, 2.686380
2495, 2.419245
2495, 2.763640
2495, 2.396933
2495, 2.412296
2495, 1.975524
2495, 2.756794
2495, 2.681626
2495, 2.863396
2495, 2.602837
2495, 2.391136
2495, 2.835664
2495, 2.345233
2495, 2.402124
2495, 2.653684
2495, 2.112215
2495, 2.582212
2495, 2.409614
2495, 2.510671
2495, 2.701593
2495, 2.380221
2495, 2.631415
2495, 2.538525
2495, 2.550533
2495, 2.891936
2495, 2.628203
2495, 2.903363
2495, 2.497992
2495, 2.236432
2495, 2.782898
2495, 2.535529
2495, 2.568191
2495, 2.876694
2495, 2.802774
2495, 2.592845
2495, 2.644481
2495, 2.764983
2495, 2.568857
2495, 2.509794
2495, 2.735190
2495, 2.370646
2495, 2.408854
2495, 2.870094
2495, 1.974100
2495, 2.879405
2495, 2.903840
2495, 2.413058
2495, 2.619921
2495, 2.641232
2495, 2.287692
2495, 2.738955
2495, 2.175523
2495, 2.595199
2495, 2.760616
2495, 2.791810
2495, 2.803832
2495, 2.722496
2495, 2.767555
2495, 2.527895
2495, 2.317243
2495, 2.217571
2495, 2.631792
2495, 2.479411
2495, 2.560549
2495, 2.700676
2495, 2.861883
2495, 2.715138
2495, 2.197876
2495, 2.340525
2495, 2.354600
2495, 2.297546
2495, 2.395024
2495, 2.746580
2495, 2.684694
2495, 2.501986
2495, 2.314429
2495, 2.722620
2495, 2.400133
2495, 2.694054
2495, 2.159637
2495, 2.732839
2495, 2.816998
2495, 2.585504
2495, 2.334953
2495, 2.756729
2495, 2.534086
2495, 2.663802
2495, 2.698688
2495, 2.722405
2495, 2.748667
2495, 2.285779
2495, 2.452897
2495, 2.529638
2495, 2.632356
2495, 2.850096
2495, 2.277363
2495, 2.618539
2495, 2.089077
2495, 2.538450
2495, 2.516517
2495, 2.421993
2495, 2.793612
2495, 2.703204
2495, 2.119226
2495, 2.137309
2495, 2.347041
2495, 2.545832
2495, 2.181011
2495, 2.753258
2495, 2.369022
2495, 2.501953
2495, 2.719349
2495, 2.898399
2495, 2.859921
2495, 2.835520
2495, 2.223983
2495, 2.526374
2495, 2.777676
2495, 2.813245
2495, 2.640843
2495, 2.796692
2495, 2.278507
2495, 2.771506
2495, 2.761427
2495, 2.926096
2495, 2.561682
2495, 2.387002
2495, 2.777557
2495, 2.557051
2495, 2.761996
2495, 2.358167
2495, 2.413587
2495, 2.572913
2495, 2.135367
2495, 2.582918
2495, 2.501617
2495, 2.218491
2495, 2.839015
2495, 2.648537
2495, 2.605841
2495, 2.328533
2495, 2.730812
2495, 2.926282
2495, 2.578838
2495, 2.522623
2495, 2.751132
2495, 2.860186
2495, 2.586953
2495, 2.776501
2495, 2.644365
2495, 2.604799
2495, 2.586784
2495, 2.454462
2495, 2.421088
2495, 2.894088
2495, 2.489510
2495, 2.768530
2495, 2.623611
2495, 2.816292
2495, 2.631220
2495, 2.518041
2495, 2.456801
2495, 2.904689
2495, 2.793169
2495, 2.325684
2495, 2.771660
2495, 2.074782
2495, 2.904457
2495, 2.775336
2495, 2.756368
2495, 2.686096
2495, 2.863445
2495, 2.764431
2495, 2.705069
2495, 2.783719
2495, 2.883930
2495, 2.603307
2495, 2.576127
2495, 2.877008
2495, 2.848212
2495, 2.674590
2495, 2.586213
2495, 2.196899
2495, 2.443165
2495, 2.438275
2495, 2.525733
2495, 2.733393
2495, 2.425570
2495, 2.588091
2495, 2.850470
2495, 2.379005
2495, 2.733257
2495, 2.525815
2495, 2.255882
2495, 2.483960
2495, 2.784029
2495, 2.753877
2495, 2.799272
2495, 2.896726
2495, 2.328070
2495, 2.212797
2495, 2.560351
2495, 2.574940
2495, 2.601199
2495, 2.583119
2495, 2.602262
2495, 2.540871
2495, 2.545830
2495, 2.696521
2495, 2.622726
2495, 2.207769
2495, 2.571110
2495, 2.345380
2495, 2.302849
2495, 2.312799
2495, 2.930842
2495, 2.473340
2495, 2.691041
2495, 2.873731
2495, 2.252366
2495, 2.863629
2495, 2.365061
2495, 2.139681
2495, 2.311385
2495, 2.748954
2495, 2.757095
2495, 2.858010
2495, 2.733741
2495, 2.428036
2495, 2.551237
2495, 2.538724
2495, 2.225455
2495, 2.607199
2495, 2.765401
2495, 2.498737
2495, 2.827151
2495, 2.422017
2495, 2.674408
2495, 2.500625
2495, 2.847259
2495, 2.586260
2495, 2.835935
2495, 2.854987
2495, 2.454508
2495, 2.722635
2495, 2.331761
2495, 2.555343
2495, 2.170245
2495, 2.551336
2495, 2.372508
2495, 2.638298
2495, 2.688720
2495, 2.466862
2495, 2.551464
2495, 2.594090
2495, 2.303187
2495, 2.524163
2495, 2.801160
2495, 2.393315
2495, 2.190335
2495, 2.565315
2495, 2.695527
2495, 2.679363
2495, 2.858444
2495, 2.855281
2495, 2.221858
2495, 2.680164
2495, 2.719722
2495, 2.461071
2495, 2.902319
2495, 2.090293
2495, 2.859077
2495, 2.756782
2495, 2.596325
2495, 2.884075
2495, 2.339934
2495, 2.558240
2495, 2.721174
2495, 2.697101
2495, 2.441280
2495, 2.036539
2495, 2.142822
2495, 2.583562
2495, 2.688365
2495, 2.600899
2495, 2.275036
2495, 2.232645
2495, 2.247226
2495, 2.872132
2495, 2.130141
2495, 2.490547
2495, 2.412101
2495, 2.275806
2495, 2.359574
2495, 2.571702
2495, 2.440227
2495, 2.511513
2495, 2.546919
2495, 2.643564
2495, 2.513546
2495, 2.700982
2495, 2.554628
2495, 2.457082
2495, 2.920116
2495, 2.673049
2495, 2.437493
2495, 2.814603
2495, 2.870714
2495, 2.318155
2495, 2.588293
2495, 2.865212
2495, 2.449626
2495, 2.840232
2495, 2.018548
2495, 2.402625
2495, 2.519645
2495, 2.845033
2495, 2.271852
2495, 2.546589
2495, 2.671538
2495, 2.841272
2495, 2.535347
2495, 2.725608
2495, 2.741232
2495, 2.645804
2495, 2.817982
2495, 2.566108
2495, 2.368840
2495, 2.359231
2495, 2.462713
2495, 2.179133
2495, 2.747489
2495, 2.448098
2495, 2.599654
2495, 2.649449
2495, 2.447916
2495, 2.368199
2495, 2.467632
2495, 2.450078
2495, 2.758292
2495, 2.324036
2495, 2.870692
2495, 2.670268
2495, 2.514200
2495, 2.635170
2495, 2.503028
2495, 2.521058
2495, 2.099894
2495, 2.786681
2495, 2.212125
2495, 2.889288
2495, 2.789694
2495, 2.443761
2495, 2.390731
2495, 2.648024
2495, 2.458721
2495, 2.650183
2495, 2.620997
2495, 2.733822
2495, 2.768924
2495, 2.244666
2495, 2.703375
2495, 2.839106
2495, 2.418204
2495, 2.730080
2495, 2.131775
2495, 2.827600
2495, 2.697121
2495, 2.515847
2495, 2.233747
2495, 2.892335
2495, 2.395185
2495, 2.881751
2495, 2.431924
2495, 2.636324
2495, 2.796402
2495, 2.831550
2495, 2.812124
2495, 2.652961
2495, 2.629422
2495, 2.729189
2495, 2.812222
2495, 2.382396
2495, 2.288545
2495, 2.298812
2495, 2.766741
2495, 2.641244
2495, 2.812125
2495, 2.609905
2495, 2.392168
2495, 2.237057
2495, 2.832714
2495, 2.296922
2495, 2.465262
2495, 2.485305
2495, 1.987625
2495, 2.365419
2495, 2.312825
2495, 2.209766
2495, 2.716219
2495, 2.224739
2495, 2.097476
2495, 2.852320
2495, 2.530643
2495, 2.695277
2495, 2.319687
2495, 2.833762
2495, 2.277774
2495, 2.372028
2495, 1.999029
2495, 2.543773
2495, 2.355821
2495, 1.961508
2495, 2.383796
2495, 2.858587
2495, 2.856950
2495, 1.942597
2495, 2.525521
2495, 2.863748
2495, 2.154217
2495, 2.822336
2495, 2.589370
2495, 2.779520
2495, 2.513768
2495, 2.710772
2495, 2.496187
2495, 2.871580
2495, 2.329884
2495, 2.474137
2495, 2.233803
2495, 2.083242
2495, 2.724637
2495, 2.342142
2495, 2.383909
2495, 2.707424
2495, 2.551886
2495, 2.615404
2495, 2.844034
2495, 2.197667
2495, 2.616365
2495, 2.320823
2495, 2.469443
2495, 2.832620
2495, 2.552627
2495, 2.692460
2495, 2.841899
2495, 2.362033
2495, 2.071175
2495, 2.835187
2495, 2.580317
2495, 2.375593
2495, 2.665189
2495, 2.873856
2495, 2.025412
2495, 2.139517
2495, 2.871264
2495, 2.494087
2495, 2.091766
2495, 2.625155
2495, 2.655435
2495, 2.392746
2495, 2.251073
2495, 2.574220
2495, 2.222447
2495, 2.175112
2495, 2.590777
2495, 2.787230
2495, 2.219957
2495, 2.743885
2495, 2.450166
2495, 2.654992
2495, 2.158784
2495, 2.614449
2495, 2.461043
2495, 2.785890
2495, 2.158825
2495, 2.009041
2495, 2.675811
2495, 2.834481
2495, 2.518594
2495, 2.940809
2495, 2.324617
2495, 2.577001
2495, 2.296070
2495, 2.633761
2495, 1.976178
2495, 2.895340
2495, 2.370107
2495, 2.658068
2495, 2.287054
2495, 2.545655
2495, 2.385578
2495, 2.530833
2495, 2.779799
2495, 2.707553
2495, 2.505553
2495, 2.687599
2495, 2.755038
2495, 2.750852
2495, 2.860179
2495, 2.491875
2495, 2.491780
2495, 2.776096
2495, 2.674670
2495, 2.482815
2495, 2.598322
2495, 2.686358
2495, 2.034895
2495, 2.734070
2495, 2.667728
2495, 2.636674
2495, 2.227797
2495, 2.808156
2495, 2.600354
2495, 2.680652
2495, 2.606121
2495, 2.865834
2495, 2.314388
2495, 2.506659
2495, 2.707138
2495, 2.899909
2495, 2.359522
2495, 2.312664
2495, 2.559099
2495, 2.215944
2495, 2.688747
2495, 2.406233
2495, 2.189554
2495, 2.597733
2495, 2.088042
2495, 2.243455
2495, 2.018059
2495, 2.191571
2495, 2.133999
2495, 2.323813
2495, 2.420516
2495, 2.601717
2495, 2.832563
2495, 2.498937
2495, 2.194514
2495, 2.892374
2495, 2.149940
2495, 2.105204
2495, 2.320367
2495, 2.506835
2495, 2.865774
2495, 2.664989
2495, 2.904291
2495, 2.217441
2495, 2.381532
2495, 2.756112
2495, 2.086551
2495, 2.801650
2495, 2.571842
2495, 2.603168
2495, 2.638743
2495, 2.501875
2495, 1.984498
2495, 2.303901
2495, 2.400299
2495, 2.673290
2495, 2.396981
2495, 2.756748
2495, 2.635232
2495, 2.746073
2495, 2.523506
2495, 2.504566
2495, 2.318066
2495, 2.362957
2495, 2.347887
2495, 2.445733
2495, 2.591792
2495, 2.505892
2495, 2.558649
2495, 2.598775
2495, 2.867348
2495, 2.812802
2495, 2.623595
2495, 2.375559
2495, 2.643807
2495, 2.838333
2495, 2.339077
2495, 2.277404
2495, 2.578635
2495, 2.488719
2495, 2.887398
2495, 2.748728
2495, 2.112616
2495, 2.440902
2495, 2.850828
2495, 2.758384
2495, 2.479772
2495, 2.389417
2495, 2.561404
2495, 2.355851
2495, 2.572080
2495, 2.200137
2495, 2.491660
2495, 2.642877
2495, 2.713477
2495, 2.171180
2495, 2.187312
2495, 2.720721
2495, 2.686874
2495, 2.423039
2495, 2.775348
2495, 2.786821
2495, 2.489208
2495, 2.738952
2495, 2.070948
2495, 2.612923
2495, 2.087385
2495, 2.409902
2495, 2.337168
2495, 2.266067
2495, 2.386341
2495, 2.609604
2495, 1.961739
2495, 2.522626
2495, 2.532032
2495, 2.532203
2495, 2.086082
2495, 2.884944
2495, 2.706265
2495, 2.161449
2495, 2.570297
2495, 2.708731
2495, 2.409776
2495, 2.548807
2495, 2.871934
2495, 2.552707
2495, 2.201812
2495, 2.791231
2495, 2.913770
2495, 2.248549
2495, 2.816407
2495, 2.648094
2495, 2.547512
2495, 2.864487
2495, 2.610500
2495, 2.596702
2495, 2.884952
2495, 2.381361
2495, 2.241801
2495, 2.777991
2495, 2.010620
2495, 2.858972
2495, 2.471007
2495, 2.949914
2495, 2.240248
2495, 2.415449
2495, 2.496951
2495, 2.674546
2495, 2.203471
2495, 2.813947
2495, 2.341266
2495, 2.901538
2495, 2.118131
2495, 2.896185
2495, 2.783543
2495, 2.545968
2495, 2.646126
2495, 2.315696
2495, 2.552855
2495, 2.278803
2495, 2.599436
2495, 2.140709
2495, 2.353830
2495, 2.618715
2495, 2.269948
2495, 2.891392
2495, 2.900990
2495, 2.558802
2495, 2.775481
2495, 2.368454
2495, 2.647819
2495, 2.548389
2495, 2.622967
2495, 2.675770
2495, 2.141672
2495, 2.495313
2495, 2.696446
2495, 2.221298
2495, 2.364869
2495, 2.646009
2495, 2.559601
2495, 2.633292
2495, 2.434106
2495, 2.792195
2495, 2.476291
2495, 2.260631
2495, 2.774534
2495, 2.244752
2495, 2.829872
2495, 2.905267
2495, 2.689033
2495, 2.241089
2495, 2.794220
2495, 2.768357
2495, 2.248848
2495, 2.246258
2495, 2.546461
2495, 2.128118
2495, 2.308755
2495, 2.073199
2495, 1.972256
2495, 2.768718
2495, 2.406476
2495, 2.861617
2495, 2.125727
2495, 2.585317
2495, 2.371010
2495, 2.182317
2495, 2.846303
2495, 2.780905
2495, 2.569624
2495, 2.772178
2495, 2.693248
2495, 2.496526
2495, 2.634459
2495, 2.892783
2495, 2.759406
2495, 2.546369
2495, 2.601860
2495, 2.031007
2495, 2.844263
2495, 2.467540
2495, 2.641446
2495, 2.531785
2495, 2.818204
2495, 2.694132
2495, 2.387016
2495, 2.813101
2495, 2.555927
2495, 2.695865
2495, 2.648582
2495, 2.533104
2495, 2.595730
2495, 2.417134
2495, 2.539844
2495, 2.136831
2495, 2.349476
2495, 2.516615
2495, 2.350103
2495, 2.557017
2495, 2.577454
2495, 2.307274
2495, 2.686388
2495, 2.031381
2495, 2.763630
2495, 2.263478
2495, 2.828165
2495, 2.250718
2495, 2.224224
2495, 2.750829
2495, 2.253898
2495, 2.664749
2495, 2.306290
2495, 2.258443
2495, 2.346478
2495, 2.318351
2495, 2.252648
2495, 2.171988
2495, 1.984226
2495, 2.911036
2495, 2.586179
2495, 2.689846
2495, 2.610760
2495, 2.807570
2495, 2.375008
2495, 2.470571
2495, 2.588905
2495, 2.905542
2495, 2.927847
2495, 2.535497
2495, 2.808966
2495, 2.293664
2495, 2.067029
2495, 2.772512
2495, 2.607146
2495, 2.564939
2495, 2.545431
2495, 2.604639
2495, 2.498731
2495, 2.204119
2495, 2.696227
2495, 2.506383
2495, 2.696470
2495, 2.215618
2495, 1.938797
2495, 2.684780
2495, 2.599596
2495, 2.326526
2495, 2.605586
2495, 2.831006
2495, 2.439816
2495, 2.315512
2495, 2.575331
2495, 2.687630
2495, 2.550805
2495, 2.576381
2495, 2.623127
2495, 2.530472
2495, 2.418178
2495, 2.390001
2495, 2.889111
2495, 2.735875
2495, 2.884098
2495, 2.894025
2495, 2.438733
2495, 2.463955
2495, 2.349374
2495, 2.651340
2495, 2.475806
2495, 2.807884
2495, 2.857541
2495, 2.594283
2495, 2.790527
2495, 2.786984
2495, 2.739450
2495, 2.890327
2495, 2.306674
2495, 2.467989
2495, 2.562691
2495, 2.678349
2495, 2.609277
2495, 2.664811
2495, 2.582276
2495, 2.720497
2495, 2.683354
2495, 2.149000
2495, 2.439917
2495, 2.719426
2495, 2.833733
2495, 2.627654
2495, 2.568965
2495, 2.221018
2495, 2.784593
2495, 2.727483
2495, 2.021917
2495, 2.828869
2495, 2.513345
2495, 2.302498
2495, 2.619249
2495, 2.023705
2495, 2.614157
2495, 2.575722
2495, 2.817632
2495, 2.454398
2495, 2.622390
2495, 2.815228
2495, 2.490151
2495, 2.694359
2495, 2.913108
2495, 2.782891
2495, 2.478698
2495, 2.766651
2495, 2.730821
2495, 2.174594
2495, 2.626221
2495, 2.484863
2495, 2.504355
2495, 2.853582
2495, 2.257253
2495, 2.226522
2495, 2.612576
2495, 2.849538
2495, 2.558837
2495, 2.347579
2495, 2.507076
2495, 2.807565
2495, 2.558543
2495, 2.849586
2495, 2.443072
2495, 2.879504
2495, 2.438725
2495, 2.803301
2495, 2.843478
2495, 2.674692
2495, 2.139631
2495, 2.607528
2495, 2.452181
2495, 2.550991
2495, 2.439151
2495, 2.562469
2495, 2.749572
2495, 2.651671
2495, 2.386582
2495, 2.521837
2495, 2.300624
2495, 2.891255
2495, 2.782736
2495, 2.367290
2495, 2.184586
2495, 2.538314
2495, 2.793695
2495, 2.756736
2495, 2.146845
2495, 2.748571
2495, 2.476606
2495, 2.458416
2495, 2.699054
2495, 2.738057
2495, 2.354644
2495, 2.354028
2495, 2.673950
2495, 2.548967
2495, 2.416329
2495, 2.584221
2495, 2.444242
2495, 2.590302
2495, 2.351811
2495, 2.491712
2495, 2.131803
2495, 2.760118
2495, 2.724653
2495, 2.907371
2495, 2.593880
2495, 2.261681
2495, 2.466197
2495, 2.780750
2495, 2.826663
2495, 2.544486
2495, 2.773317
2495, 2.371823
2495, 2.522223
2495, 2.404076
2495, 2.342415
2495, 2.806528
2495, 2.384521
2495, 2.573970
2495, 2.858261
2495, 2.638689
2495, 2.654590
2495, 2.843003
2495, 2.579839
2495, 2.781140
2495, 2.638077
2495, 2.355944
2495, 2.894896
2495, 2.621753
2495, 2.808405
2495, 2.886539
2495, 2.672706
2495, 2.256398
2495, 2.509542
2495, 2.676850
2495, 2.441248
2495, 2.600251
2495, 2.733372
2495, 2.176965
2495, 2.847784
2495, 2.899144
2495, 2.325853
2495, 2.865762
2495, 2.630800
2495, 2.571140
2495, 2.382554
2495, 2.047072
2495, 2.688065
2495, 2.588197
2495, 2.384703
2495, 2.819102
2495, 2.872638
2495, 2.656298
2495, 2.438327
2495, 2.197910
2495, 2.881593
2495, 2.647619
2495, 2.545615
2495, 2.687611
2495, 2.485273
2495, 2.648919
2495, 2.593486
2495, 2.557475
2495, 2.317627
2495, 2.830787
2495, 2.875151
2495, 2.657176
2495, 2.170153
2495, 2.736791
2495, 2.880988
2495, 2.776276
2495, 2.354255
2495, 2.455649
2495, 2.805330
2495, 2.637036
2495, 2.110663
2495, 2.844713
2495, 2.531651
2495, 2.894145
2495, 2.743090
2495, 2.761326
2495, 2.162758
2495, 2.728792
2495, 2.777649
2495, 2.269969
2495, 2.497270
2495, 2.569953
2495, 2.267543
2495, 2.829646
2495, 2.653039
2495, 2.184270
2495, 2.764229
2495, 2.597060
2495, 2.596971
2495, 2.815397
2495, 2.375972
2495, 2.441243
2495, 2.578526
2495, 2.456852
2495, 2.436184
2495, 2.753629
2495, 2.775399
2495, 2.702929
2495, 2.761035
2495, 2.299953
2495, 2.589566
2495, 2.537585
2495, 2.229631
2495, 2.720677
2495, 2.740773
2495, 2.722098
2495, 2.846318
2495, 2.508990
2495, 2.846838
2495, 2.155365
2495, 2.490933
2495, 2.466338
2495, 2.853430
2495, 2.849003
2495, 2.705957
2495, 2.819106
2495, 2.516332
2495, 2.880629
2495, 2.921879
2495, 2.724966
2495, 2.663988
2495, 2.472501
2495, 2.819333
2495, 2.664656
2495, 2.892164
2495, 2.307058
2495, 2.583426
2495, 2.618321
2495, 2.609446
2495, 2.831106
2495, 2.820863
2495, 2.522355
2495, 2.493239
2495, 2.643746
2495, 2.792516
2495, 2.523281
2495, 2.798060
2495, 2.764240
2495, 2.749970
2495, 2.747559
2495, 2.861081
2495, 2.425746
2495, 2.605242
2495, 2.441824
2495, 2.817046
2495, 2.348060
2495, 2.789195
2495, 2.821278
2495, 2.437342
2495, 2.742858
2495, 2.719584
2495, 2.477214
2495, 2.761303
2495, 2.765069
2495, 2.852998
2495, 2.335084
2495, 2.529738
2495, 2.720132
2495, 2.611480
2495, 2.882703
2495, 2.630524
2495, 2.240165
2495, 2.741724
2495, 2.729329
2495, 2.820025
2495, 2.862730
2495, 2.873159
2495, 2.252632
2495, 2.857603
2495, 2.771998
2495, 2.614890
2495, 2.801912
2495, 2.368429
2495, 2.609878
2495, 2.844719
2495, 2.794013
2495, 2.607379
2495, 2.594276
2495, 2.873403
2495, 2.548902
2495, 2.669532
2495, 2.615437
2495, 2.678674
2495, 2.841640
2495, 2.649716
2495, 2.797944
2495, 2.852445
2495, 2.329997
2495, 2.584769
2495, 2.582956
2495, 2.233342
2495, 2.713033
2495, 2.196669
2495, 2.158339
2495, 2.328693
2495, 2.637755
2495, 2.775701
2495, 2.275477
2495, 2.416195
2495, 2.608471
2495, 2.543979
2495, 2.351650
2495, 2.753765
2495, 2.211216
2495, 2.174872
2495, 2.849304
2495, 2.589505
2495, 2.886375
2495, 2.589904
2495, 2.157466
2495, 2.098120
2495, 2.782956
2495, 2.870302
2495, 2.894128
2495, 2.402489
2495, 2.750285
2495, 2.480186
2495, 2.724939
2495, 2.850363
2495, 2.811345
2495, 2.736999
2495, 2.292755
2495, 2.513677
2495, 2.805321
2495, 2.696217
2495, 2.028467
2495, 2.553182
2495, 2.787637
2495, 2.752616
2495, 2.097926
2495, 2.455689
2495, 2.841944
2495, 2.362591
2495, 2.714379
2495, 2.527271
2495, 2.530771
2495, 2.793203
2495, 2.789284
2495, 2.748070
2495, 2.166167
2495, 2.475270
2495, 2.458671
2495, 2.588274
2495, 2.834405
2495, 2.582087
2495, 2.692206
2495, 2.867268
2495, 2.702981
2495, 2.900121
2495, 2.499329
2495, 2.248178
2495, 2.180053
2495, 2.048776
2495, 2.676165
2495, 2.787261
2495, 2.740640
2495, 2.558054
2495, 2.685864
2495, 2.742986
2495, 2.449396
2495, 2.379430
2495, 2.713562
2495, 2.702005
2495, 2.847086
2495, 2.529676
2495, 2.735501
2495, 2.827910
2495, 2.719810
2495, 2.618750
2495, 2.432554
2495, 2.782439
2495, 2.633835
2495, 2.582907
2495, 2.321645
2495, 2.550028
2495, 2.473683
2495, 2.255704
2495, 2.789164
2495, 2.810704
2495, 2.328037
2495, 2.369035
2495, 2.734021
2495, 2.467878
2495, 2.481403
2495, 2.785023
2495, 2.729542
2495, 2.628044
2495, 2.665578
2495, 2.803762
2495, 2.324764
2495, 2.354235
2495, 2.901744
2495, 2.667890
2495, 2.453050
2495, 2.757189
2495, 2.265895
2495, 2.921406
2495, 2.622048
2495, 2.689666
2495, 2.635675
2495, 2.867210
2495, 2.638653
2495, 2.277147
2495, 2.694814
2495, 2.330612
2495, 2.753920
2495, 2.137679
2495, 2.621292
2495, 2.791348
2495, 2.308383
2495, 2.266764
2495, 2.492560
2495, 2.527984
2495, 2.685557
2495, 2.595812
2495, 2.838781
2495, 2.668763
2495, 2.894177
2495, 2.553791
2495, 2.752037
2495, 2.865593
2495, 2.704986
2495, 2.348109
2495, 2.556142
2495, 2.200942
2495, 2.786286
2495, 2.406926
2495, 2.258788
2495, 2.459272
2495, 2.227880
2495, 2.514790
2495, 2.852520
2495, 2.746059
2495, 2.847572
2495, 2.462536
2495, 2.472019
2495, 2.270762
2495, 2.005521
2495, 2.669153
2495, 2.314078
2495, 2.566597
2495, 2.366461
2495, 2.628936
2495, 2.067894
2495, 2.675913
2495, 2.653274
2495, 2.637880
2495, 2.258936
2495, 2.449145
2495, 2.849214
2495, 2.506629
2495, 2.123498
2495, 2.068804
2495, 2.828217
2495, 2.889325
2495, 2.867469
2495, 2.207643
2495, 2.351848
2495, 2.486014
2495, 2.610496
2495, 2.354693
2495, 2.828798
2495, 2.041995
2495, 2.477632
2495, 2.791632
2495, 2.344336
2495, 2.633653
2495, 2.771990
2495, 2.560624
2495, 2.227927
2495, 2.675057
2495, 2.874682
2495, 2.582234
2495, 2.887730
2495, 2.672156
2495, 2.615535
2495, 2.877319
2495, 2.877870
2495, 2.442381
2495, 2.609734
2495, 2.510785
2495, 2.648697
2495, 2.411124
2495, 2.538201
2495, 2.590497
2495, 2.657811
2495, 2.747473
2495, 2.367393
2495, 2.624312
2495, 2.275178
2495, 2.740608
2495, 2.498263
2495, 2.614944
2495, 2.138808
2495, 2.763461
2495, 2.383216
2495, 2.159227
2495, 2.307017
2495, 2.756756
2495, 2.184585
2495, 2.324313
2495, 2.853004
2495, 2.570099
2495, 2.460717
2495, 2.861122
2495, 2.535358
2495, 2.578237
2495, 2.534573
2495, 2.539276
2495, 2.304572
2495, 2.126404
2495, 2.650966
2495, 2.430425
2495, 2.719933
2495, 2.451673
2495, 2.319200
2495, 2.818075
2495, 2.422846
2495, 2.893381
2495, 2.668674
2495, 2.425234
2495, 2.755750
2495, 2.628559
2495, 2.779059
2495, 2.592131
2495, 2.833413
2495, 2.852780
2495, 2.317307
2495, 2.727361
2495, 2.772373
2495, 2.323873
2495, 2.868418
2495, 2.306346
2495, 2.596232
2495, 2.557579
2495, 2.532359
2495, 2.706164
2495, 2.347463
2495, 2.578392
2495, 2.878419
2495, 2.636311
2495, 2.851078
2495, 2.746551
2495, 2.771138
2495, 2.221290
2495, 2.509069
2495, 2.365901
2495, 2.814200
2495, 2.872423
2495, 2.740269
2495, 2.665638
2495, 2.684435
2495, 2.806751
2495, 2.378044
2495, 2.461802
2495, 2.422740
2495, 2.547858
2495, 2.776866
2495, 2.652136
2495, 2.470307
2495, 2.167162
2495, 2.740066
2495, 2.756396
2495, 2.908685
2495, 2.598515
2495, 2.597766
2495, 2.126343
2495, 2.481826
2495, 2.870614
2495, 2.689753
2495, 2.690966
2495, 2.675166
2495, 2.759619
2495, 2.511211
2495, 2.545311
2495, 2.516552
2495, 2.320956
2495, 2.467805
2495, 2.127867
2495, 2.410250
2495, 2.391702
2495, 2.574628
2495, 2.336353
2495, 2.560636
2495, 2.796954
2495, 2.794443
2495, 2.777091
2495, 2.642655
2495, 2.573587
2495, 2.577163
2495, 2.242782
2495, 2.533613
2495, 2.781357
2495, 2.913465
2495, 2.218767
2495, 2.668179
2495, 2.746343
2495, 2.798171
2495, 2.642232
2495, 2.705290
2495, 2.749298
2495, 2.707719
2495, 2.773764
2495, 2.671210
2495, 2.526667
2495, 2.430231
2495, 2.604110
2495, 2.637309
2495, 2.744471
2495, 2.898761
2495, 2.745898
2495, 2.433536
2495, 2.633787
2495, 2.783997
2495, 2.431245
2495, 2.858891
2495, 2.573883
2495, 2.907278
2495, 2.711972
2495, 2.611455
2495, 2.185831
2495, 2.656976
2495, 2.464447
2495, 2.859384
2495, 2.362869
2495, 2.544078
2495, 2.702661
2495, 2.673217
2495, 2.378758
2495, 2.510096
2495, 2.809423
2495, 2.857106
2495, 2.269502
2495, 2.380064
2495, 2.819856
2495, 2.879902
2495, 2.330812
2495, 2.374754
2495, 2.269224
2495, 2.653602
2495, 2.822968
2495, 2.729434
2495, 2.419118
2495, 2.686406
2495, 2.725744
2495, 2.765617
2495, 2.306925
2495, 2.788475
2495, 2.559505
2495, 2.059899
2495, 2.505729
2495, 2.330811
2495, 2.547962
2495, 2.267481
2495, 2.222559
2495, 2.300363
2495, 2.866913
2495, 2.575340
2495, 2.115259
2495, 2.544505
2495, 2.901509
2495, 2.596673
2495, 2.107045
2495, 2.892151
2495, 2.507508
2495, 2.869100
2495, 2.117366
2495, 2.754191
2495, 2.774832
2495, 2.776534
2495, 2.671271
2495, 2.288865
2495, 2.792228
2495, 2.804087
2495, 2.745130
2495, 2.237621
2495, 2.442075
2495, 2.125461
2495, 2.565186
2495, 2.839915
2495, 2.457922
2495, 2.518481
2495, 2.844396
2495, 2.569211
2495, 2.750052
2495, 2.635431
2495, 2.592965
2495, 2.319060
2495, 2.585770
2495, 2.460991
2495, 2.431233
2495, 2.767222
2495, 2.311895
2495, 2.469902
2495, 2.895309
2495, 2.643958
2495, 2.514663
2495, 2.135850
2495, 2.618868
2495, 2.683234
2495, 2.783997
2495, 2.314188
2495, 2.731104
2495, 2.064358
2495, 2.589938
2495, 2.796561
2495, 2.510010
2495, 2.647358
2495, 2.627790
2495, 2.658481
2495, 2.869669
2495, 2.455209
2495, 2.218954
2495, 2.348153
2495, 2.391920
2495, 2.602543
2495, 2.776887
2495, 2.446315
2495, 2.483136
2495, 2.894474
2495, 2.385165
2495, 2.445812
2495, 2.228326
2495, 2.582690
2495, 2.130271
2495, 2.778951
2495, 2.860868
2495, 2.535018
2495, 2.663529
2495, 2.669207
2495, 2.291840
2495, 2.653233
2495, 2.437736
2495, 2.660023
2495, 2.883610
2495, 2.525962
2495, 2.567027
2495, 2.382123
2495, 2.759132
2495, 2.591425
2495, 2.228942
2495, 2.915675
2495, 2.694428
2495, 2.669664
2495, 2.685755
2495, 2.612435
2495, 2.363886
2495, 2.682925
2495, 2.594290
2495, 2.332693
2495, 2.580912
2495, 2.335411
2495, 2.384985
2495, 2.843839
2495, 2.856867
2495, 2.852023
2495, 2.791998
2495, 2.264710
2495, 2.609840
2495, 2.174124
2495, 2.221228
2495, 2.640020
2495, 2.723817
2495, 2.722569
2495, 2.753890
2495, 2.389898
2495, 2.718898
2495, 2.831417
2495, 2.401427
2495, 2.924392
2495, 2.455371
2495, 2.893227
2495, 2.555370
2495, 2.816220
2495, 2.472155
2495, 2.158217
2495, 2.707369
2495, 2.185262
2495, 2.780339
2495, 2.543789
2495, 2.404834
2495, 2.637794
2495, 2.434569
2495, 2.625882
2495, 2.569204
2495, 2.789459
2495, 2.063398
2495, 2.375081
2495, 2.284574
2495, 2.737961
2495, 2.652232
2495, 2.349105
2495, 2.025071
2495, 2.018454
2495, 2.139654
2495, 2.859775
2495, 2.410610
2495, 2.096739
2495, 2.479211
2495, 2.684798
2495, 2.669809
2495, 2.511909
2495, 2.776237
2495, 2.496244
2495, 2.691253
2495, 2.559620
2495, 2.450874
2495, 2.488431
2495, 2.526150
2495, 2.607842
2495, 2.699268
2495, 2.727525
2495, 2.846884
2495, 2.896626
2495, 2.833492
2495, 2.778313
2495, 2.405401
2495, 2.293338
2495, 2.905517
2495, 2.366131
2495, 2.532260
2495, 2.738625
2495, 2.759749
2495, 2.115628
2495, 2.706695
2495, 2.591746
2495, 2.421334
2495, 2.476834
2495, 2.648716
2495, 2.850108
2495, 2.718477
2495, 2.543289
2495, 2.696269
2495, 2.108450
2495, 2.725229
2495, 2.359850
2495, 2.665410
2495, 2.797439
2495, 2.303540
2495, 2.470857
2495, 2.669444
2495, 2.638780
2495, 2.097747
2495, 2.510564
2495, 2.248602
2495, 2.366629
2495, 2.648013
2495, 2.602001
2495, 2.204768
2495, 2.839724
2495, 2.315647
2495, 2.233794
2495, 2.301377
2495, 2.354073
2495, 2.714516
2495, 2.845700
2495, 2.732024
2495, 2.716955
2495, 2.476939
2495, 2.861642
2495, 2.808739
2495, 2.814152
2495, 2.820631
2495, 2.464883
2495, 2.347259
2495, 2.336367
2495, 2.643802
2495, 2.305781
2495, 2.851694
2495, 2.566895
2495, 2.623866
2495, 2.557973
2495, 2.805949
2495, 2.704223
2495, 2.522083
2495, 2.735424
2495, 2.686328
2495, 2.757278
2495, 2.778516
2495, 2.766566
2495, 2.595374
2495, 2.302608
2495, 2.348503
2495, 2.665040
2495, 2.739015
2495, 2.489604
2495, 2.833308
2495, 2.496628
2495, 2.803408
2495, 2.886583
2495, 2.861147
2495, 2.875809
2495, 2.829675
2495, 2.849689
2495, 2.665382
2495, 2.761653
2495, 2.347166
2495, 2.467165
2495, 2.478099
2495, 2.686880
2495, 2.460861
2495, 2.365158
2495, 2.340100
2495, 2.232340
2495, 2.819507
2495, 2.525796
2495, 2.695120
2495, 2.518194
2495, 2.921603
2495, 2.526102
2495, 2.451314
2495, 2.488286
2495, 2.609324
2495, 2.422684
2495, 2.289117
2495, 2.548881
2495, 2.842795
2495, 2.711306
2495, 2.661054
2495, 2.485221
2495, 2.785536
2495, 2.797743
2495, 2.752744
2495, 2.822885
2495, 2.678335
2495, 1.916152
2495, 2.687440
2495, 2.766995
2495, 2.275190
2495, 2.392259
2495, 2.351047
2495, 2.454037
2495, 2.389164
2495, 2.727592
2495, 2.510796
2495, 2.509059
2495, 2.657999
2495, 2.820830
2495, 2.103067
2495, 2.430513
2495, 2.851310
2495, 2.608758
2495, 2.752468
2495, 2.834515
2495, 2.562301
2495, 2.500677
2495, 2.771484
2495, 2.740697
2495, 2.323028
2495, 2.623920
2495, 2.855294
2495, 2.230893
2495, 2.895165
2495, 2.673816
2495, 2.591696
2495, 2.478935
2495, 2.234713
2495, 2.337937
2495, 2.338573
2495, 2.459979
2495, 2.572306
2495, 2.854835
2495, 2.772663
2495, 2.265904
2495, 2.537152
2495, 2.261845
2495, 2.662221
2495, 2.191597
2495, 2.208107
2495, 2.456251
2495, 2.842908
2495, 2.531627
2495, 2.777554
2495, 2.472873
2495, 2.322760
2495, 2.523519
2495, 2.716476
2495, 2.807098
2495, 2.813590
2495, 2.616830
2495, 2.483352
2495, 2.881392
2495, 2.625054
2495, 2.090448
2495, 2.823119
2495, 2.887614
2495, 2.244374
2495, 2.518246
2495, 2.697473
2495, 2.751360
2495, 2.631412
2495, 2.511373
2495, 2.853026
2495, 2.826302
2495, 2.566430
2495, 2.902430
2495, 2.420731
2495, 2.209437
2495, 2.479203
2495, 2.289364
2495, 2.355558
2495, 2.695555
2495, 2.797310
2495, 2.721171
2495, 2.275328
2495, 2.840867
2495, 2.443562
2495, 2.257630
2495, 2.781486
2495, 2.877991
2495, 2.757746
2495, 2.535019
2495, 2.215692
2495, 2.661464
2495, 2.425672
2495, 2.544125
2495, 2.408470
2495, 1.993092
2495, 2.763467
2495, 2.058647
2495, 2.710972
2495, 2.262319
2495, 2.667723
2495, 2.531881
2495, 2.269907
2495, 2.888329
2495, 2.506514
2495, 2.856445
2495, 2.219237
2495, 2.809460
2495, 2.398319
2495, 2.824786
2495, 2.312816
2495, 2.437321
2495, 2.570832
2495, 2.325289
2495, 2.678402
2495, 2.480143
2495, 2.448872
2495, 2.267020
2495, 2.852461
2495, 2.631583
2495, 2.569068
2495, 2.636086
2495, 2.415984
2495, 2.456775
2495, 2.383546
2495, 2.442162
2495, 2.438315
2495, 2.846324
2495, 2.895369
2495, 2.611043
2495, 2.362927
2495, 2.142804
2495, 2.449360
2495, 2.499422
2495, 2.475364
2495, 2.203653
2495, 2.622408
2495, 2.841365
2495, 2.715560
2495, 2.211640
2495, 2.163309
2495, 2.512091
2495, 2.685769
2495, 2.341345
2495, 2.642480
2495, 2.817175
2495, 2.428032
2495, 2.887302
2495, 2.639767
2495, 2.254512
2495, 2.458587
2495, 2.858454
2495, 2.691558
2495, 2.463086
2495, 2.839795
2495, 2.197965
2495, 2.461722
2495, 2.756775
2495, 2.794427
2495, 2.701994
2495, 2.519885
2495, 2.737382
2495, 2.866309
2495, 2.659817
2495, 2.444829
2495, 2.298713
2495, 2.233050
2495, 2.709835
2495, 2.700218
2495, 2.832460
2495, 2.757135
2495, 2.418664
2495, 2.723255
2495, 2.624399
2495, 2.711792
2495, 2.669829
2495, 2.684102
2495, 2.674988
2495, 2.436247
2495, 2.535519
2495, 2.858985
2495, 2.471607
2495, 2.425669
2495, 2.882440
2495, 2.658689
2495, 2.647323
2495, 2.561097
2495, 2.584895
2495, 2.833409
2495, 2.276617
2495, 2.105338
2495, 2.403853
2495, 2.894568
2495, 2.667556
2495, 2.848226
2495, 2.839500
2495, 2.331633
2495, 2.595479
2495, 2.888598
2495, 2.868198
2495, 2.779708
2495, 2.383388
2495, 2.632416
2495, 2.649340
2495, 2.808488
2495, 2.264965
2495, 2.683098
2495, 2.766081
2495, 2.842792
2495, 2.451660
2495, 2.666692
2495, 2.633003
2495, 2.540950
2495, 2.844540
2495, 2.051492
2495, 2.700695
2495, 2.717967
2495, 2.396240
2495, 2.897864
2495, 2.440805
2495, 2.887470
2495, 2.745805
2495, 2.851299
2495, 2.903330
2495, 2.359522
2495, 2.691777
2495, 2.869280
2495, 2.368611
2495, 2.527869
2495, 2.810319
2495, 2.400050
2495, 2.716582
2495, 2.241759
2495, 2.809304
2495, 2.869575
2495, 2.416915
2495, 2.508947
2495, 2.751382
2495, 2.869926
2495, 2.323287
2495, 2.841459
2495, 2.546062
2495, 2.631992
2495, 2.553102
2495, 2.700284
2495, 2.748592
2495, 2.501504
2495, 2.769542
2495, 2.449471
2495, 2.565928
2495, 2.491012
2495, 2.439804
2495, 2.600585
2495, 2.909008
2495, 2.774423
2495, 2.343787
2495, 2.580448
2495, 2.859404
2495, 2.656451
2495, 2.138305
2495, 2.635809
2495, 2.463513
2495, 2.454102
2495, 2.539778
2495, 2.547570
2495, 2.433451
2495, 2.470187
2495, 2.824316
2495, 2.862662
2495, 2.341092
2495, 2.665233
2495, 2.417577
2495, 2.837101
2495, 2.623925
2495, 2.469174
2495, 2.514874
2495, 2.824871
2495, 2.427685
2495, 2.374116
2495, 2.609068
2495, 2.720648
